Month,Car_Model,Segment,Fuel_Type,Transmission,Ex_Showroom_Price_Lakh,Units_Sold,Revenue_Crores,Mileage_KMPL,Customer_Rating,Annual_Service_Cost_INR,Safety_Rating_Stars
2020-01,Alto K10,Hatchback,Petrol,Manual,4.54,7623.0,346.08,24.54,5.0,12566.0,3.0
2020-01,Baleno,Hatchback,Petrol,Manual/AMT,7.61,7583.0,577.07,23.34,4.0,8357.0,5.0
2020-01,Brezza,SUV,Petrol/CNG,Manual/AT,8.1,5743.0,465.18,19.4,4.4,12557.0,5.0
2020-01,Celerio,Hatchback,Petrol/CNG,Manual/AMT,5.28,8014.0,423.14,25.83,4.3,8107.0,3.0
2020-01,Ciaz,Sedan,Petrol,Manual,8.76,3898.0,341.46,20.43,5.0,11131.0,5.0
2020-01,Dzire,Sedan,Petrol,Manual/AMT,6.73,4011.0,269.94,22.64,4.5,11623.0,4.0
2020-01,Eeco,MPV,Petrol/CNG,Manual,5.4,4358.0,235.33,19.09,3.9,10381.0,4.0
2020-01,Fronx,SUV,Petrol/CNG,Manual/AMT/AT,8.49,5990.0,508.55,21.91,4.7,6589.0,4.0
2020-01,Grand Vitara,SUV,Petrol/Strong Hybrid,Manual/AT,10.44,6724.0,701.99,21.86,3.8,9969.0,5.0
2020-01,S-Presso,Hatchback,Petrol/CNG,Manual/AMT,4.7,8931.0,419.76,25.21,5.0,11413.0,4.0
2020-01,Swift,Hatchback,Petrol,Manual/AMT,7.08,7940.0,562.15,22.85,3.9,6160.0,3.0
2020-01,WagonR,Hatchback,Petrol/CNG,Manual/AMT,5.35,7475.0,399.91,24.09,4.4,10374.0,3.0
2020-02,Alto K10,Hatchback,Petrol,Manual,4.41,7556.0,333.22,23.57,4.1,9287.0,3.0
2020-02,Baleno,Hatchback,Petrol,Manual/AMT,7.45,9304.0,693.15,23.18,4.2,7058.0,5.0
2020-02,Brezza,SUV,Petrol/CNG,Manual/AT,9.63,7517.0,723.89,19.88,4.4,11915.0,5.0
2020-02,Celerio,Hatchback,Petrol/CNG,Manual/AMT,5.51,8451.0,465.65,26.15,4.8,11695.0,3.0
2020-02,Eeco,MPV,Petrol/CNG,Manual,5.28,4348.0,229.57,20.47,3.7,5624.0,4.0
2020-02,Ertiga,MPV,Petrol/CNG,Manual/AT,9.72,4172.0,405.52,20.79,4.9,10444.0,5.0
2020-02,Grand Vitara,SUV,Petrol/Strong Hybrid,Manual/AT,11.18,7390.0,826.2,21.33,4.6,8052.0,5.0
2020-02,S-Presso,Hatchback,Petrol/CNG,Manual/AMT,4.92,7358.0,362.01,25.88,4.6,10889.0,4.0
2020-02,WagonR,Hatchback,Petrol/CNG,Manual/AMT,5.58,8710.0,486.02,23.51,5.0,8084.0,3.0
2020-03,Alto K10,Hatchback,Petrol,Manual,4.2,6669.0,280.1,24.03,4.7,9917.0,3.0
2020-03,Baleno,Hatchback,Petrol,Manual/AMT,7.44,7280.0,541.63,23.17,4.7,10047.0,5.0
2020-03,Brezza,SUV,Petrol/CNG,Manual/AT,10.51,6690.0,703.12,19.18,3.9,10666.0,5.0
2020-03,Celerio,Hatchback,Petrol/CNG,Manual/AMT,6.25,8318.0,519.88,27.42,4.4,9408.0,3.0
2020-03,Dzire,Sedan,Petrol,Manual/AMT,6.57,3811.0,250.38,23.92,5.0,10320.0,4.0
2020-03,Eeco,MPV,Petrol/CNG,Manual,5.29,4611.0,243.92,20.01,3.9,4606.0,4.0
2020-03,Ertiga,MPV,Petrol/CNG,Manual/AT,9.72,3827.0,371.98,20.82,3.9,14701.0,5.0
2020-03,Fronx,SUV,Petrol/CNG,Manual/AMT/AT,8.76,5745.0,503.26,22.62,4.5,13160.0,4.0
2020-03,Grand Vitara,SUV,Petrol/Strong Hybrid,Manual/AT,13.88,5248.0,728.42,20.76,4.1,14218.0,5.0
2020-03,S-Presso,Hatchback,Petrol/CNG,Manual/AMT,3.71,7222.0,267.94,25.06,3.8,10583.0,4.0
2020-03,Swift,Hatchback,Petrol,Manual/AMT,7.29,9062.0,660.62,23.09,4.3,11179.0,3.0
2020-03,WagonR,Hatchback,Petrol/CNG,Manual/AMT,5.63,7413.0,417.35,23.68,4.1,13294.0,3.0
2020-03,XL6,MPV,Petrol/CNG,Manual/AT,11.05,5313.0,587.09,19.95,4.2,9454.0,5.0
2020-04,Brezza,SUV,Petrol/CNG,Manual/AT,8.87,5744.0,509.49,20.44,4.5,12183.0,5.0
2020-04,Celerio,Hatchback,Petrol/CNG,Manual/AMT,5.19,8304.0,430.98,26.59,4.9,8250.0,3.0
2020-04,Eeco,MPV,Petrol/CNG,Manual,5.63,4893.0,275.48,20.36,4.4,9728.0,4.0
2020-04,Ertiga,MPV,Petrol/CNG,Manual/AT,9.15,4440.0,406.26,20.37,4.5,14190.0,5.0
2020-04,Fronx,SUV,Petrol/CNG,Manual/AMT/AT,9.3,5849.0,543.96,21.51,4.4,5893.0,4.0
2020-04,Swift,Hatchback,Petrol,Manual/AMT,6.83,8296.0,566.62,24.38,3.5,7518.0,3.0
2020-04,WagonR,Hatchback,Petrol/CNG,Manual/AMT,5.64,7800.0,439.92,23.69,3.9,13030.0,3.0
2020-04,XL6,MPV,Petrol/CNG,Manual/AT,11.9,5321.0,633.2,20.57,4.0,11783.0,5.0
2020-05,Alto K10,Hatchback,Petrol,Manual,4.2,7303.0,306.73,23.24,4.0,10234.0,3.0
2020-05,Baleno,Hatchback,Petrol,Manual/AMT,8.08,8620.0,696.5,22.86,4.6,12517.0,5.0
2020-05,Brezza,SUV,Petrol/CNG,Manual/AT,10.6,5797.0,614.48,18.98,4.9,9413.0,5.0
2020-05,Ciaz,Sedan,Petrol,Manual,8.96,3987.0,357.24,20.47,4.6,9944.0,5.0
2020-05,Dzire,Sedan,Petrol,Manual/AMT,7.41,4160.0,308.26,22.99,4.0,9572.0,4.0
2020-05,Eeco,MPV,Petrol/CNG,Manual,5.7,4562.0,260.03,20.7,4.2,8937.0,4.0
2020-05,Fronx,SUV,Petrol/CNG,Manual/AMT/AT,9.9,4960.0,491.04,21.16,3.4,11899.0,4.0
2020-05,Grand Vitara,SUV,Petrol/Strong Hybrid,Manual/AT,12.4,7240.0,897.76,20.23,4.2,11872.0,5.0
2020-05,S-Presso,Hatchback,Petrol/CNG,Manual/AMT,4.71,7883.0,371.29,23.83,4.3,11854.0,4.0
2020-05,Swift,Hatchback,Petrol,Manual/AMT,6.78,7437.0,504.23,23.25,5.0,8613.0,3.0
2020-05,WagonR,Hatchback,Petrol/CNG,Manual/AMT,5.43,7291.0,395.9,23.59,3.8,14037.0,3.0
2020-05,XL6,MPV,Petrol/CNG,Manual/AT,11.54,4162.0,480.29,21.07,4.4,8356.0,5.0
2020-06,Alto K10,Hatchback,Petrol,Manual,4.28,7320.0,313.3,24.11,3.1,12690.0,3.0
2020-06,Baleno,Hatchback,Petrol,Manual/AMT,7.18,8347.0,599.31,23.24,3.8,10096.0,5.0
2020-06,Celerio,Hatchback,Petrol/CNG,Manual/AMT,5.08,8993.0,456.84,27.26,4.0,9071.0,3.0
2020-06,Ciaz,Sedan,Petrol,Manual,9.46,4117.0,389.47,20.29,4.2,11306.0,5.0
2020-06,Dzire,Sedan,Petrol,Manual/AMT,7.96,3537.0,281.55,23.7,4.2,9015.0,4.0
2020-06,Eeco,MPV,Petrol/CNG,Manual,5.31,4083.0,216.81,20.01,3.8,8961.0,4.0
2020-06,Ertiga,MPV,Petrol/CNG,Manual/AT,9.0,3859.0,347.31,20.78,4.5,12254.0,5.0
2020-06,Fronx,SUV,Petrol/CNG,Manual/AMT/AT,7.87,6596.0,519.11,21.41,4.5,5528.0,4.0
2020-06,Grand Vitara,SUV,Petrol/Strong Hybrid,Manual/AT,12.36,6374.0,787.83,20.51,3.8,10718.0,5.0
2020-06,Swift,Hatchback,Petrol,Manual/AMT,6.95,8559.0,594.85,23.22,3.8,14360.0,3.0
2020-06,WagonR,Hatchback,Petrol/CNG,Manual/AMT,5.74,7664.0,439.91,23.83,4.0,10354.0,3.0
2020-06,XL6,MPV,Petrol/CNG,Manual/AT,11.47,4920.0,564.32,21.1,3.8,10950.0,5.0
2020-07,Alto K10,Hatchback,Petrol,Manual,4.51,7427.0,334.96,24.37,5.0,11854.0,3.0
2020-07,Baleno,Hatchback,Petrol,Manual/AMT,7.11,6436.0,457.6,22.67,4.7,8497.0,5.0
2020-07,Brezza,SUV,Petrol/CNG,Manual/AT,9.86,5944.0,586.08,20.49,3.3,6699.0,5.0
2020-07,Celerio,Hatchback,Petrol/CNG,Manual/AMT,5.6,8178.0,457.97,26.46,4.7,9231.0,3.0
2020-07,Dzire,Sedan,Petrol,Manual/AMT,7.34,4256.0,312.39,23.25,5.0,9328.0,4.0
2020-07,Eeco,MPV,Petrol/CNG,Manual,5.56,4055.0,225.46,20.51,4.6,7657.0,4.0
2020-07,Ertiga,MPV,Petrol/CNG,Manual/AT,8.78,3410.0,299.4,21.11,4.3,16355.0,5.0
2020-07,Fronx,SUV,Petrol/CNG,Manual/AMT/AT,9.2,6725.0,618.7,21.98,4.4,12671.0,4.0
2020-07,Grand Vitara,SUV,Petrol/Strong Hybrid,Manual/AT,14.37,7218.0,1037.23,20.74,4.2,11838.0,5.0
2020-07,Swift,Hatchback,Petrol,Manual/AMT,6.43,8548.0,549.64,23.75,4.6,7572.0,3.0
2020-07,WagonR,Hatchback,Petrol/CNG,Manual/AMT,5.5,6842.0,376.31,23.52,4.1,9731.0,3.0
2020-08,Brezza,SUV,Petrol/CNG,Manual/AT,9.36,6954.0,650.89,18.42,4.7,8959.0,5.0
2020-08,Celerio,Hatchback,Petrol/CNG,Manual/AMT,5.24,7122.0,373.19,26.23,4.2,8946.0,3.0
2020-08,Dzire,Sedan,Petrol,Manual/AMT,7.4,3589.0,265.59,23.76,4.8,8471.0,4.0
2020-08,Eeco,MPV,Petrol/CNG,Manual,5.35,5072.0,271.35,19.33,4.3,10339.0,4.0
2020-08,Ertiga,MPV,Petrol/CNG,Manual/AT,8.77,4421.0,387.72,20.36,3.7,10530.0,5.0
2020-08,Fronx,SUV,Petrol/CNG,Manual/AMT/AT,7.95,6640.0,527.88,21.11,5.0,9270.0,4.0
2020-08,Grand Vitara,SUV,Petrol/Strong Hybrid,Manual/AT,12.14,5864.0,711.89,21.29,4.6,10067.0,5.0
2020-08,S-Presso,Hatchback,Petrol/CNG,Manual/AMT,4.5,7867.0,354.01,25.44,3.6,11545.0,4.0
2020-08,Swift,Hatchback,Petrol,Manual/AMT,7.14,7879.0,562.56,23.87,3.4,10432.0,3.0
2020-08,WagonR,Hatchback,Petrol/CNG,Manual/AMT,5.86,8090.0,474.07,23.77,4.8,6574.0,3.0
2020-08,XL6,MPV,Petrol/CNG,Manual/AT,11.04,4192.0,462.8,20.98,3.9,10114.0,5.0
2020-09,Alto K10,Hatchback,Petrol,Manual,4.26,6744.0,287.29,23.8,3.6,7802.0,3.0
2020-09,Brezza,SUV,Petrol/CNG,Manual/AT,11.78,6016.0,708.68,20.68,4.0,9571.0,5.0
2020-09,Celerio,Hatchback,Petrol/CNG,Manual/AMT,5.75,7594.0,436.65,27.83,4.5,10078.0,3.0
2020-09,Ciaz,Sedan,Petrol,Manual,9.16,3562.0,326.28,20.39,4.1,9615.0,5.0
2020-09,Dzire,Sedan,Petrol,Manual/AMT,7.45,4002.0,298.15,22.9,4.8,11168.0,4.0
2020-09,Eeco,MPV,Petrol/CNG,Manual,5.57,4730.0,263.46,19.94,3.5,10591.0,4.0
2020-09,Ertiga,MPV,Petrol/CNG,Manual/AT,9.73,4177.0,406.42,19.87,4.5,11545.0,5.0
2020-09,Fronx,SUV,Petrol/CNG,Manual/AMT/AT,9.08,6694.0,607.82,21.76,4.3,9036.0,4.0
2020-09,Grand Vitara,SUV,Petrol/Strong Hybrid,Manual/AT,11.57,5934.0,686.56,20.86,3.8,12922.0,5.0
2020-09,S-Presso,Hatchback,Petrol/CNG,Manual/AMT,4.55,7612.0,346.35,26.21,4.5,11697.0,4.0
2020-09,Swift,Hatchback,Petrol,Manual/AMT,7.65,7932.0,606.8,24.18,4.6,7854.0,3.0
2020-09,WagonR,Hatchback,Petrol/CNG,Manual/AMT,6.21,7563.0,469.66,23.42,5.0,9360.0,3.0
2020-10,Alto K10,Hatchback,Petrol,Manual,4.66,7570.0,352.76,24.21,4.6,9904.0,3.0
2020-10,Baleno,Hatchback,Petrol,Manual/AMT,7.49,8137.0,609.46,24.17,4.0,8920.0,5.0
2020-10,Brezza,SUV,Petrol/CNG,Manual/AT,9.03,6769.0,611.24,20.85,4.0,8542.0,5.0
2020-10,Celerio,Hatchback,Petrol/CNG,Manual/AMT,5.48,8096.0,443.66,25.78,4.0,9386.0,3.0
2020-10,Ciaz,Sedan,Petrol,Manual,8.76,3873.0,339.27,20.71,4.4,9442.0,5.0
2020-10,Dzire,Sedan,Petrol,Manual/AMT,6.89,3543.0,244.11,23.15,4.0,10083.0,4.0
2020-10,Eeco,MPV,Petrol/CNG,Manual,5.33,4615.0,245.98,19.98,4.6,8350.0,4.0
2020-10,Ertiga,MPV,Petrol/CNG,Manual/AT,10.29,4330.0,445.56,21.27,4.4,12419.0,5.0
2020-10,Fronx,SUV,Petrol/CNG,Manual/AMT/AT,9.72,6570.0,638.6,22.27,4.8,8501.0,4.0
2020-10,Grand Vitara,SUV,Petrol/Strong Hybrid,Manual/AT,12.51,6973.0,872.32,20.56,4.4,11008.0,5.0
2020-10,S-Presso,Hatchback,Petrol/CNG,Manual/AMT,4.66,7936.0,369.82,24.31,4.7,10791.0,4.0
2020-10,Swift,Hatchback,Petrol,Manual/AMT,7.33,8071.0,591.6,24.4,4.6,6272.0,3.0
2020-10,XL6,MPV,Petrol/CNG,Manual/AT,10.94,4219.0,461.56,21.16,4.0,5318.0,5.0
2020-11,Alto K10,Hatchback,Petrol,Manual,4.27,9022.0,385.24,23.56,3.1,7666.0,3.0
2020-11,Baleno,Hatchback,Petrol,Manual/AMT,7.58,8104.0,614.28,22.86,4.1,7971.0,5.0
2020-11,Brezza,SUV,Petrol/CNG,Manual/AT,11.17,5445.0,608.21,19.09,4.0,9161.0,5.0
2020-11,Celerio,Hatchback,Petrol/CNG,Manual/AMT,5.42,7216.0,391.11,27.61,4.5,9022.0,3.0
2020-11,Ciaz,Sedan,Petrol,Manual,9.07,4095.0,371.42,20.8,4.5,10073.0,5.0
2020-11,Dzire,Sedan,Petrol,Manual/AMT,7.49,3923.0,293.83,24.07,4.6,8787.0,4.0
2020-11,Eeco,MPV,Petrol/CNG,Manual,5.41,3806.0,205.9,20.06,3.9,8456.0,4.0
2020-11,Ertiga,MPV,Petrol/CNG,Manual/AT,8.35,3906.0,326.15,19.35,4.7,10063.0,5.0
2020-11,Fronx,SUV,Petrol/CNG,Manual/AMT/AT,8.39,6176.0,518.17,21.74,3.8,8391.0,4.0
2020-11,Grand Vitara,SUV,Petrol/Strong Hybrid,Manual/AT,12.33,6341.0,781.85,19.83,4.1,9946.0,5.0
2020-11,S-Presso,Hatchback,Petrol/CNG,Manual/AMT,4.33,7718.0,334.19,26.45,4.7,13481.0,4.0
2020-11,Swift,Hatchback,Petrol,Manual/AMT,7.67,7913.0,606.93,23.43,4.3,10702.0,3.0
2020-11,WagonR,Hatchback,Petrol/CNG,Manual/AMT,5.87,7454.0,437.55,24.29,4.4,13588.0,3.0
2020-11,XL6,MPV,Petrol/CNG,Manual/AT,11.6,4181.0,485.0,20.71,3.7,8551.0,5.0
2020-12,Alto K10,Hatchback,Petrol,Manual,4.41,9203.0,405.85,25.05,4.5,9662.0,3.0
2020-12,Baleno,Hatchback,Petrol,Manual/AMT,7.33,8374.0,613.81,22.66,4.7,9766.0,5.0
2020-12,Celerio,Hatchback,Petrol/CNG,Manual/AMT,5.58,8992.0,501.75,26.43,3.7,7999.0,3.0
2020-12,Ciaz,Sedan,Petrol,Manual,9.44,4339.0,409.6,20.42,4.5,8811.0,5.0
2020-12,Dzire,Sedan,Petrol,Manual/AMT,6.94,3942.0,273.57,23.96,4.4,11935.0,4.0
2020-12,Eeco,MPV,Petrol/CNG,Manual,5.63,3655.0,205.78,19.77,3.7,6387.0,4.0
2020-12,Ertiga,MPV,Petrol/CNG,Manual/AT,10.36,3900.0,404.04,20.6,3.5,11446.0,5.0
2020-12,Fronx,SUV,Petrol/CNG,Manual/AMT/AT,9.17,5298.0,485.83,22.24,4.1,11895.0,4.0
2020-12,S-Presso,Hatchback,Petrol/CNG,Manual/AMT,4.71,8192.0,385.84,25.93,4.5,11163.0,4.0
2020-12,WagonR,Hatchback,Petrol/CNG,Manual/AMT,5.6,6530.0,365.68,24.09,4.4,14279.0,3.0
2020-12,XL6,MPV,Petrol/CNG,Manual/AT,11.47,4896.0,561.57,20.43,4.2,8290.0,5.0
2021-01,Alto K10,Hatchback,Petrol,Manual,4.56,8220.0,374.83,24.64,4.5,14555.0,3.0
2021-01,Brezza,SUV,Petrol/CNG,Manual/AT,10.57,5678.0,600.16,20.97,3.8,9952.0,5.0
2021-01,Celerio,Hatchback,Petrol/CNG,Manual/AMT,5.65,8530.0,481.94,26.98,4.5,10158.0,3.0
2021-01,Ciaz,Sedan,Petrol,Manual,9.76,3833.0,374.1,20.81,4.6,9930.0,5.0
2021-01,Dzire,Sedan,Petrol,Manual/AMT,7.59,4078.0,309.52,23.47,3.8,7713.0,4.0
2021-01,Eeco,MPV,Petrol/CNG,Manual,5.49,3658.0,200.82,19.6,3.6,13980.0,4.0
2021-01,Ertiga,MPV,Petrol/CNG,Manual/AT,10.7,4003.0,428.32,21.45,4.3,14341.0,5.0
2021-01,Fronx,SUV,Petrol/CNG,Manual/AMT/AT,8.49,5323.0,451.92,22.25,5.0,10453.0,4.0
2021-01,Grand Vitara,SUV,Petrol/Strong Hybrid,Manual/AT,14.16,6972.0,987.24,21.22,4.2,11802.0,5.0
2021-01,S-Presso,Hatchback,Petrol/CNG,Manual/AMT,4.35,8199.0,356.66,24.56,3.9,13235.0,4.0
2021-01,Swift,Hatchback,Petrol,Manual/AMT,6.8,7399.0,503.13,24.13,4.0,9370.0,3.0
2021-01,WagonR,Hatchback,Petrol/CNG,Manual/AMT,5.86,7303.0,427.96,23.35,4.4,10608.0,3.0
2021-02,Alto K10,Hatchback,Petrol,Manual,4.63,8098.0,374.94,23.91,3.9,7683.0,3.0
2021-02,Baleno,Hatchback,Petrol,Manual/AMT,7.32,7761.0,568.11,23.5,5.0,8976.0,5.0
2021-02,Brezza,SUV,Petrol/CNG,Manual/AT,9.3,7606.0,707.36,19.29,4.4,9711.0,5.0
2021-02,Celerio,Hatchback,Petrol/CNG,Manual/AMT,5.54,8362.0,463.25,26.62,3.7,9993.0,3.0
2021-02,Ciaz,Sedan,Petrol,Manual,9.34,4835.0,451.59,20.36,5.0,11145.0,5.0
2021-02,Dzire,Sedan,Petrol,Manual/AMT,8.18,4018.0,328.67,23.38,3.9,9326.0,4.0
2021-02,Eeco,MPV,Petrol/CNG,Manual,5.67,4334.0,245.74,20.13,3.6,5117.0,4.0
2021-02,Ertiga,MPV,Petrol/CNG,Manual/AT,10.28,4720.0,485.22,19.9,4.6,15723.0,5.0
2021-02,Fronx,SUV,Petrol/CNG,Manual/AMT/AT,9.0,6452.0,580.68,22.02,4.3,9587.0,4.0
2021-02,Grand Vitara,SUV,Petrol/Strong Hybrid,Manual/AT,10.66,6421.0,684.48,20.51,4.8,7945.0,5.0
2021-02,S-Presso,Hatchback,Petrol/CNG,Manual/AMT,4.51,8053.0,363.19,26.05,4.4,12091.0,4.0
2021-02,Swift,Hatchback,Petrol,Manual/AMT,7.41,8332.0,617.4,23.65,3.7,7845.0,3.0
2021-02,WagonR,Hatchback,Petrol/CNG,Manual/AMT,5.32,8467.0,450.44,23.1,3.2,10635.0,3.0
2021-02,XL6,MPV,Petrol/CNG,Manual/AT,12.37,4681.0,579.04,20.91,4.3,11415.0,5.0
2021-03,Alto K10,Hatchback,Petrol,Manual,4.57,7546.0,344.85,24.49,3.8,12072.0,3.0
2021-03,Baleno,Hatchback,Petrol,Manual/AMT,7.81,8268.0,645.73,23.46,3.9,11329.0,5.0
2021-03,Celerio,Hatchback,Petrol/CNG,Manual/AMT,5.7,8293.0,472.7,27.02,3.2,10041.0,3.0
2021-03,Ciaz,Sedan,Petrol,Manual,8.97,4314.0,386.97,21.1,4.9,9823.0,5.0
2021-03,Dzire,Sedan,Petrol,Manual/AMT,8.13,4173.0,339.26,23.32,4.2,9846.0,4.0
2021-03,Eeco,MPV,Petrol/CNG,Manual,5.56,4563.0,253.7,19.75,4.2,11043.0,4.0
2021-03,Ertiga,MPV,Petrol/CNG,Manual/AT,10.82,4616.0,499.45,19.77,3.8,12094.0,5.0
2021-03,Fronx,SUV,Petrol/CNG,Manual/AMT/AT,8.51,6332.0,538.85,21.16,3.5,8069.0,4.0
2021-03,Grand Vitara,SUV,Petrol/Strong Hybrid,Manual/AT,8.84,6146.0,543.31,21.28,3.8,10528.0,5.0
2021-03,S-Presso,Hatchback,Petrol/CNG,Manual/AMT,5.14,8159.0,419.37,25.21,4.0,11516.0,4.0
2021-03,Swift,Hatchback,Petrol,Manual/AMT,8.38,7081.0,593.39,23.01,4.2,10134.0,3.0
2021-03,WagonR,Hatchback,Petrol/CNG,Manual/AMT,5.65,8803.0,497.37,23.34,5.0,14877.0,3.0
2021-03,XL6,MPV,Petrol/CNG,Manual/AT,11.82,4950.0,585.09,21.12,3.8,10489.0,5.0
2021-04,Baleno,Hatchback,Petrol,Manual/AMT,7.69,7302.0,561.52,22.69,4.5,12418.0,5.0
2021-04,Brezza,SUV,Petrol/CNG,Manual/AT,11.04,6770.0,747.41,20.59,3.9,9437.0,5.0
2021-04,Celerio,Hatchback,Petrol/CNG,Manual/AMT,5.51,9139.0,503.56,27.06,4.1,9562.0,3.0
2021-04,Ciaz,Sedan,Petrol,Manual,9.16,4400.0,403.04,20.64,4.4,11094.0,5.0
2021-04,Dzire,Sedan,Petrol,Manual/AMT,7.96,4022.0,320.15,23.11,4.2,8340.0,4.0
2021-04,Eeco,MPV,Petrol/CNG,Manual,6.04,4171.0,251.93,19.85,4.0,12075.0,4.0
2021-04,Ertiga,MPV,Petrol/CNG,Manual/AT,9.65,4198.0,405.11,20.57,4.8,12210.0,5.0
2021-04,Fronx,SUV,Petrol/CNG,Manual/AMT/AT,10.02,7325.0,733.97,21.83,3.7,10056.0,4.0
2021-04,Grand Vitara,SUV,Petrol/Strong Hybrid,Manual/AT,11.84,6157.0,728.99,21.4,4.5,12174.0,5.0
2021-04,S-Presso,Hatchback,Petrol/CNG,Manual/AMT,4.88,10000.0,488.0,25.61,3.6,13821.0,4.0
2021-04,WagonR,Hatchback,Petrol/CNG,Manual/AMT,5.77,7609.0,439.04,23.36,4.6,8301.0,3.0
2021-04,XL6,MPV,Petrol/CNG,Manual/AT,12.22,5134.0,627.37,20.65,3.5,7753.0,5.0
2021-05,Alto K10,Hatchback,Petrol,Manual,4.8,7811.0,374.93,25.05,4.1,7354.0,3.0
2021-05,Baleno,Hatchback,Petrol,Manual/AMT,6.87,7171.0,492.65,23.65,4.3,8963.0,5.0
2021-05,Brezza,SUV,Petrol/CNG,Manual/AT,9.53,6457.0,615.35,20.92,5.0,12117.0,5.0
2021-05,Celerio,Hatchback,Petrol/CNG,Manual/AMT,5.71,8806.0,502.82,26.37,4.7,8268.0,3.0
2021-05,Ciaz,Sedan,Petrol,Manual,9.4,4545.0,427.23,20.25,4.2,10044.0,5.0
2021-05,Dzire,Sedan,Petrol,Manual/AMT,7.49,4576.0,342.74,23.73,4.5,11554.0,4.0
2021-05,Eeco,MPV,Petrol/CNG,Manual,5.89,4995.0,294.21,19.85,3.8,14572.0,4.0
2021-05,Ertiga,MPV,Petrol/CNG,Manual/AT,11.05,4077.0,450.51,19.94,4.0,13744.0,5.0
2021-05,Fronx,SUV,Petrol/CNG,Manual/AMT/AT,9.77,6387.0,624.01,21.51,3.6,10288.0,4.0
2021-05,Grand Vitara,SUV,Petrol/Strong Hybrid,Manual/AT,12.02,5751.0,691.27,19.34,4.3,9769.0,5.0
2021-05,S-Presso,Hatchback,Petrol/CNG,Manual/AMT,5.27,7960.0,419.49,24.82,4.6,12996.0,4.0
2021-05,Swift,Hatchback,Petrol,Manual/AMT,8.14,8138.0,662.43,23.63,4.3,9240.0,3.0
2021-06,Alto K10,Hatchback,Petrol,Manual,4.22,7703.0,325.07,24.61,3.6,10905.0,3.0
2021-06,Baleno,Hatchback,Petrol,Manual/AMT,7.6,7106.0,540.06,23.61,4.0,9472.0,5.0
2021-06,Brezza,SUV,Petrol/CNG,Manual/AT,10.19,7022.0,715.54,19.39,4.3,10430.0,5.0
2021-06,Celerio,Hatchback,Petrol/CNG,Manual/AMT,5.49,7835.0,430.14,26.77,3.8,9380.0,3.0
2021-06,Ciaz,Sedan,Petrol,Manual,9.51,4394.0,417.87,19.86,3.7,10219.0,5.0
2021-06,Eeco,MPV,Petrol/CNG,Manual,5.58,4244.0,236.82,20.06,4.7,9266.0,4.0
2021-06,Ertiga,MPV,Petrol/CNG,Manual/AT,9.0,4591.0,413.19,20.41,3.8,12436.0,5.0
2021-06,Fronx,SUV,Petrol/CNG,Manual/AMT/AT,9.21,7308.0,673.07,21.8,3.7,13056.0,4.0
2021-06,Grand Vitara,SUV,Petrol/Strong Hybrid,Manual/AT,14.51,6208.0,900.78,21.81,3.7,10852.0,5.0
2021-06,S-Presso,Hatchback,Petrol/CNG,Manual/AMT,4.64,8952.0,415.37,25.01,4.2,10284.0,4.0
2021-06,Swift,Hatchback,Petrol,Manual/AMT,7.76,9936.0,771.03,23.25,4.2,10205.0,3.0
2021-06,WagonR,Hatchback,Petrol/CNG,Manual/AMT,5.81,8432.0,489.9,23.12,4.5,12975.0,3.0
2021-06,XL6,MPV,Petrol/CNG,Manual/AT,13.04,4884.0,636.87,21.13,3.8,11408.0,5.0
2021-07,Alto K10,Hatchback,Petrol,Manual,4.66,8982.0,418.56,23.76,4.9,6029.0,3.0
2021-07,Baleno,Hatchback,Petrol,Manual/AMT,7.35,9234.0,678.7,23.1,4.5,8956.0,5.0
2021-07,Brezza,SUV,Petrol/CNG,Manual/AT,9.81,6133.0,601.65,19.77,3.9,12501.0,5.0
2021-07,Celerio,Hatchback,Petrol/CNG,Manual/AMT,5.94,8939.0,530.98,26.45,4.3,9744.0,3.0
2021-07,Ciaz,Sedan,Petrol,Manual,8.98,4469.0,401.32,20.47,4.4,11175.0,5.0
2021-07,Dzire,Sedan,Petrol,Manual/AMT,7.35,4386.0,322.37,22.89,3.5,10774.0,4.0
2021-07,Eeco,MPV,Petrol/CNG,Manual,5.76,4798.0,276.36,20.2,4.3,10976.0,4.0
2021-07,Ertiga,MPV,Petrol/CNG,Manual/AT,9.87,4512.0,445.33,21.3,3.5,8612.0,5.0
2021-07,Fronx,SUV,Petrol/CNG,Manual/AMT/AT,7.91,7094.0,561.14,21.48,4.3,10687.0,4.0
2021-07,Grand Vitara,SUV,Petrol/Strong Hybrid,Manual/AT,12.17,6816.0,829.51,20.89,4.6,9446.0,5.0
2021-07,Swift,Hatchback,Petrol,Manual/AMT,6.78,7345.0,497.99,23.25,4.3,11578.0,3.0
2021-07,XL6,MPV,Petrol/CNG,Manual/AT,12.14,5044.0,612.34,21.22,4.3,15897.0,5.0
2021-08,Alto K10,Hatchback,Petrol,Manual,4.45,6801.0,302.64,24.48,5.0,13064.0,3.0
2021-08,Baleno,Hatchback,Petrol,Manual/AMT,8.17,9484.0,774.84,23.43,3.8,10463.0,5.0
2021-08,Brezza,SUV,Petrol/CNG,Manual/AT,11.89,6245.0,742.53,20.07,4.5,8840.0,5.0
2021-08,Celerio,Hatchback,Petrol/CNG,Manual/AMT,5.62,7886.0,443.19,25.9,4.2,5600.0,3.0
2021-08,Dzire,Sedan,Petrol,Manual/AMT,7.24,4223.0,305.75,24.03,4.6,10244.0,4.0
2021-08,Eeco,MPV,Petrol/CNG,Manual,5.7,4343.0,247.55,19.79,3.8,14612.0,4.0
2021-08,Ertiga,MPV,Petrol/CNG,Manual/AT,9.99,3995.0,399.1,19.76,4.6,12140.0,5.0
2021-08,Grand Vitara,SUV,Petrol/Strong Hybrid,Manual/AT,14.23,6322.0,899.62,20.52,3.9,9926.0,5.0
2021-08,S-Presso,Hatchback,Petrol/CNG,Manual/AMT,4.78,8316.0,397.5,25.08,4.1,10070.0,4.0
2021-08,Swift,Hatchback,Petrol,Manual/AMT,8.23,8139.0,669.84,23.72,4.2,11286.0,3.0
2021-08,XL6,MPV,Petrol/CNG,Manual/AT,11.33,4425.0,501.35,21.01,3.3,11701.0,5.0
2021-09,Alto K10,Hatchback,Petrol,Manual,4.86,8366.0,406.59,23.93,5.0,11912.0,3.0
2021-09,Baleno,Hatchback,Petrol,Manual/AMT,7.33,9304.0,681.98,23.0,3.4,9210.0,5.0
2021-09,Brezza,SUV,Petrol/CNG,Manual/AT,11.14,5374.0,598.66,20.61,4.8,7879.0,5.0
2021-09,Celerio,Hatchback,Petrol/CNG,Manual/AMT,5.52,8149.0,449.82,27.2,4.3,9186.0,3.0
2021-09,Ciaz,Sedan,Petrol,Manual,9.18,4101.0,376.47,20.08,3.8,8098.0,5.0
2021-09,Ertiga,MPV,Petrol/CNG,Manual/AT,11.09,4470.0,495.72,20.31,4.2,12831.0,5.0
2021-09,Fronx,SUV,Petrol/CNG,Manual/AMT/AT,10.4,6754.0,702.42,21.69,4.5,6813.0,4.0
2021-09,Grand Vitara,SUV,Petrol/Strong Hybrid,Manual/AT,13.07,7588.0,991.75,22.38,4.2,13273.0,5.0
2021-09,S-Presso,Hatchback,Petrol/CNG,Manual/AMT,4.6,7850.0,361.1,25.12,4.2,8670.0,4.0
2021-09,Swift,Hatchback,Petrol,Manual/AMT,7.91,7330.0,579.8,23.82,4.0,14573.0,3.0
2021-09,XL6,MPV,Petrol/CNG,Manual/AT,11.47,4751.0,544.94,21.21,3.9,10729.0,5.0
2021-10,Alto K10,Hatchback,Petrol,Manual,4.77,7814.0,372.73,24.41,4.3,6686.0,3.0
2021-10,Baleno,Hatchback,Petrol,Manual/AMT,8.15,7624.0,621.36,22.82,4.3,6218.0,5.0
2021-10,Brezza,SUV,Petrol/CNG,Manual/AT,10.93,6479.0,708.15,19.97,4.4,11185.0,5.0
2021-10,Celerio,Hatchback,Petrol/CNG,Manual/AMT,5.6,8216.0,460.1,26.62,4.7,9105.0,3.0
2021-10,Dzire,Sedan,Petrol,Manual/AMT,7.91,3901.0,308.57,23.63,5.0,9637.0,4.0
2021-10,Eeco,MPV,Petrol/CNG,Manual,5.84,4961.0,289.72,20.42,4.3,11929.0,4.0
2021-10,Ertiga,MPV,Petrol/CNG,Manual/AT,10.53,4705.0,495.44,20.76,3.9,12802.0,5.0
2021-10,Fronx,SUV,Petrol/CNG,Manual/AMT/AT,9.41,5963.0,561.12,21.41,4.2,5388.0,4.0
2021-10,Grand Vitara,SUV,Petrol/Strong Hybrid,Manual/AT,13.18,6492.0,855.65,20.56,4.2,10775.0,5.0
2021-10,S-Presso,Hatchback,Petrol/CNG,Manual/AMT,4.37,7756.0,338.94,24.71,4.0,13095.0,4.0
2021-10,Swift,Hatchback,Petrol,Manual/AMT,7.46,8001.0,596.87,22.84,4.1,9750.0,3.0
2021-10,WagonR,Hatchback,Petrol/CNG,Manual/AMT,6.21,7319.0,454.51,22.16,4.4,11058.0,3.0
2021-10,XL6,MPV,Petrol/CNG,Manual/AT,11.86,4976.0,590.15,20.46,4.2,13068.0,5.0
2021-11,Alto K10,Hatchback,Petrol,Manual,4.71,7717.0,363.47,24.22,3.4,9039.0,3.0
2021-11,Brezza,SUV,Petrol/CNG,Manual/AT,9.73,6439.0,626.51,20.49,3.9,7401.0,5.0
2021-11,Celerio,Hatchback,Petrol/CNG,Manual/AMT,5.38,8047.0,432.93,27.25,4.2,11267.0,3.0
2021-11,Ciaz,Sedan,Petrol,Manual,9.5,4129.0,392.25,20.7,4.0,12588.0,5.0
2021-11,Dzire,Sedan,Petrol,Manual/AMT,7.9,4414.0,348.71,23.98,3.9,12387.0,4.0
2021-11,Eeco,MPV,Petrol/CNG,Manual,5.78,5299.0,306.28,19.9,4.0,6457.0,4.0
2021-11,Ertiga,MPV,Petrol/CNG,Manual/AT,8.52,4054.0,345.4,19.89,4.8,11907.0,5.0
2021-11,Fronx,SUV,Petrol/CNG,Manual/AMT/AT,9.99,5683.0,567.73,22.26,4.3,6080.0,4.0
2021-11,Grand Vitara,SUV,Petrol/Strong Hybrid,Manual/AT,14.11,6730.0,949.6,20.51,4.7,7609.0,5.0
2021-11,WagonR,Hatchback,Petrol/CNG,Manual/AMT,5.77,7518.0,433.79,22.38,4.2,10609.0,3.0
2021-11,XL6,MPV,Petrol/CNG,Manual/AT,11.95,4657.0,556.51,21.25,4.5,8575.0,5.0
2021-12,Alto K10,Hatchback,Petrol,Manual,4.72,8083.0,381.52,24.55,4.6,10218.0,3.0
2021-12,Brezza,SUV,Petrol/CNG,Manual/AT,10.17,6491.0,660.13,19.87,4.9,9874.0,5.0
2021-12,Ciaz,Sedan,Petrol,Manual,8.96,3994.0,357.86,20.5,4.1,8306.0,5.0
2021-12,Dzire,Sedan,Petrol,Manual/AMT,7.63,4276.0,326.26,23.94,3.9,12024.0,4.0
2021-12,Eeco,MPV,Petrol/CNG,Manual,5.62,4938.0,277.52,20.58,4.1,7941.0,4.0
2021-12,Ertiga,MPV,Petrol/CNG,Manual/AT,11.41,3659.0,417.49,20.52,4.0,12824.0,5.0
2021-12,Grand Vitara,SUV,Petrol/Strong Hybrid,Manual/AT,12.43,6220.0,773.15,21.4,4.3,11319.0,5.0
2021-12,S-Presso,Hatchback,Petrol/CNG,Manual/AMT,5.37,7355.0,394.96,25.36,4.1,12460.0,4.0
2021-12,Swift,Hatchback,Petrol,Manual/AMT,7.56,7688.0,581.21,23.93,3.7,11436.0,3.0
2022-01,Alto K10,Hatchback,Petrol,Manual,5.34,8249.0,440.5,24.07,3.9,9239.0,3.0
2022-01,Baleno,Hatchback,Petrol,Manual/AMT,8.5,9684.0,823.14,22.85,4.3,11882.0,5.0
2022-01,Brezza,SUV,Petrol/CNG,Manual/AT,9.86,7088.0,698.88,18.83,4.7,10546.0,5.0
2022-01,Celerio,Hatchback,Petrol/CNG,Manual/AMT,5.59,8452.0,472.47,27.14,3.7,13632.0,3.0
2022-01,Ciaz,Sedan,Petrol,Manual,10.3,4364.0,449.49,20.33,3.6,10307.0,5.0
2022-01,Dzire,Sedan,Petrol,Manual/AMT,8.23,4271.0,351.5,24.1,4.6,8723.0,4.0
2022-01,Eeco,MPV,Petrol/CNG,Manual,6.07,4710.0,285.9,18.42,4.2,13424.0,4.0
2022-01,Ertiga,MPV,Petrol/CNG,Manual/AT,9.76,4700.0,458.72,20.98,4.3,14759.0,5.0
2022-01,Grand Vitara,SUV,Petrol/Strong Hybrid,Manual/AT,13.46,6086.0,819.18,20.4,4.8,12846.0,5.0
2022-01,S-Presso,Hatchback,Petrol/CNG,Manual/AMT,4.55,8172.0,371.83,26.04,3.9,13535.0,4.0
2022-01,Swift,Hatchback,Petrol,Manual/AMT,7.76,8082.0,627.16,24.34,3.9,10601.0,3.0
2022-01,XL6,MPV,Petrol/CNG,Manual/AT,12.0,5278.0,633.36,20.45,4.1,8515.0,5.0
2022-02,Alto K10,Hatchback,Petrol,Manual,4.97,8294.0,412.21,24.49,4.7,10896.0,3.0
2022-02,Baleno,Hatchback,Petrol,Manual/AMT,8.15,9133.0,744.34,23.29,4.0,11800.0,5.0
2022-02,Brezza,SUV,Petrol/CNG,Manual/AT,10.83,7081.0,766.87,20.27,5.0,8345.0,5.0
2022-02,Celerio,Hatchback,Petrol/CNG,Manual/AMT,5.72,9119.0,521.61,27.24,4.3,10757.0,3.0
2022-02,Dzire,Sedan,Petrol,Manual/AMT,8.03,4454.0,357.66,23.24,4.0,10531.0,4.0
2022-02,Eeco,MPV,Petrol/CNG,Manual,5.83,4494.0,262.0,20.4,4.0,12078.0,4.0
2022-02,Ertiga,MPV,Petrol/CNG,Manual/AT,9.57,4899.0,468.83,20.56,4.3,11910.0,5.0
2022-02,Fronx,SUV,Petrol/CNG,Manual/AMT/AT,9.17,5813.0,533.05,20.99,4.8,8554.0,4.0
2022-02,S-Presso,Hatchback,Petrol/CNG,Manual/AMT,5.33,9590.0,511.15,24.99,3.8,10783.0,4.0
2022-02,WagonR,Hatchback,Petrol/CNG,Manual/AMT,6.02,7916.0,476.54,24.08,4.8,8175.0,3.0
2022-02,XL6,MPV,Petrol/CNG,Manual/AT,12.33,4816.0,593.81,20.21,4.4,7807.0,5.0
2022-03,Alto K10,Hatchback,Petrol,Manual,4.63,8543.0,395.54,23.98,4.1,8014.0,3.0
2022-03,Baleno,Hatchback,Petrol,Manual/AMT,8.29,9239.0,765.91,22.61,3.5,12469.0,5.0
2022-03,Brezza,SUV,Petrol/CNG,Manual/AT,11.33,6784.0,768.63,20.33,4.4,12602.0,5.0
2022-03,Celerio,Hatchback,Petrol/CNG,Manual/AMT,6.09,8559.0,521.24,26.69,4.2,6848.0,3.0
2022-03,Ciaz,Sedan,Petrol,Manual,10.14,4249.0,430.85,20.8,3.7,10587.0,5.0
2022-03,Dzire,Sedan,Petrol,Manual/AMT,7.79,4375.0,340.81,23.31,3.7,10256.0,4.0
2022-03,Eeco,MPV,Petrol/CNG,Manual,6.23,5591.0,348.32,19.21,4.4,11128.0,4.0
2022-03,Ertiga,MPV,Petrol/CNG,Manual/AT,10.31,4152.0,428.07,20.13,5.0,12480.0,5.0
2022-03,Fronx,SUV,Petrol/CNG,Manual/AMT/AT,9.51,6944.0,660.37,21.99,4.5,10626.0,4.0
2022-03,Grand Vitara,SUV,Petrol/Strong Hybrid,Manual/AT,11.49,7324.0,841.53,21.58,4.2,9704.0,5.0
2022-03,S-Presso,Hatchback,Petrol/CNG,Manual/AMT,5.32,10201.0,542.69,24.7,3.8,11937.0,4.0
2022-03,WagonR,Hatchback,Petrol/CNG,Manual/AMT,5.93,9043.0,536.25,23.45,4.2,11082.0,3.0
2022-03,XL6,MPV,Petrol/CNG,Manual/AT,12.31,4650.0,572.41,21.71,3.8,9511.0,5.0
2022-04,Alto K10,Hatchback,Petrol,Manual,5.01,8656.0,433.67,24.5,4.8,8418.0,3.0
2022-04,Baleno,Hatchback,Petrol,Manual/AMT,7.59,10801.0,819.8,23.65,4.7,10055.0,5.0
2022-04,Brezza,SUV,Petrol/CNG,Manual/AT,10.92,6475.0,707.07,19.92,4.4,10060.0,5.0
2022-04,Celerio,Hatchback,Petrol/CNG,Manual/AMT,5.61,8804.0,493.9,28.56,4.5,11495.0,3.0
2022-04,Ciaz,Sedan,Petrol,Manual,9.91,4496.0,445.55,21.27,3.7,11566.0,5.0
2022-04,Dzire,Sedan,Petrol,Manual/AMT,7.5,4186.0,313.95,23.34,4.5,14033.0,4.0
2022-04,Ertiga,MPV,Petrol/CNG,Manual/AT,10.1,4828.0,487.63,21.38,4.9,9063.0,5.0
2022-04,Fronx,SUV,Petrol/CNG,Manual/AMT/AT,9.29,7154.0,664.61,20.43,4.3,7581.0,4.0
2022-04,Grand Vitara,SUV,Petrol/Strong Hybrid,Manual/AT,13.54,6188.0,837.86,21.2,4.4,9297.0,5.0
2022-04,Swift,Hatchback,Petrol,Manual/AMT,7.35,9796.0,720.01,24.15,4.6,10399.0,3.0
2022-04,WagonR,Hatchback,Petrol/CNG,Manual/AMT,6.07,9273.0,562.87,24.18,4.0,9541.0,3.0
2022-04,XL6,MPV,Petrol/CNG,Manual/AT,12.55,5353.0,671.8,20.73,4.0,12588.0,5.0
2022-05,Alto K10,Hatchback,Petrol,Manual,4.66,8567.0,399.22,24.8,4.0,6927.0,3.0
2022-05,Celerio,Hatchback,Petrol/CNG,Manual/AMT,5.98,8254.0,493.59,26.76,4.8,10682.0,3.0
2022-05,Dzire,Sedan,Petrol,Manual/AMT,7.67,4396.0,337.17,23.66,4.7,13509.0,4.0
2022-05,Eeco,MPV,Petrol/CNG,Manual,5.95,5375.0,319.81,19.36,4.3,8345.0,4.0
2022-05,Ertiga,MPV,Petrol/CNG,Manual/AT,10.04,4038.0,405.42,20.09,4.7,12723.0,5.0
2022-05,Fronx,SUV,Petrol/CNG,Manual/AMT/AT,9.27,7853.0,727.97,22.0,4.7,7422.0,4.0
2022-05,Grand Vitara,SUV,Petrol/Strong Hybrid,Manual/AT,14.78,6883.0,1017.31,21.38,3.9,9726.0,5.0
2022-05,S-Presso,Hatchback,Petrol/CNG,Manual/AMT,5.15,7712.0,397.17,25.81,3.8,11203.0,4.0
2022-05,Swift,Hatchback,Petrol,Manual/AMT,8.16,8795.0,717.67,23.48,3.9,9985.0,3.0
2022-05,XL6,MPV,Petrol/CNG,Manual/AT,12.86,4986.0,641.2,21.13,3.8,10837.0,5.0
2022-06,Brezza,SUV,Petrol/CNG,Manual/AT,10.79,7264.0,783.79,21.2,4.7,10806.0,5.0
2022-06,Celerio,Hatchback,Petrol/CNG,Manual/AMT,5.82,8485.0,493.83,27.68,3.8,8861.0,3.0
2022-06,Dzire,Sedan,Petrol,Manual/AMT,7.66,3997.0,306.17,24.09,4.4,8807.0,4.0
2022-06,Eeco,MPV,Petrol/CNG,Manual,6.09,5571.0,339.27,19.54,4.0,11783.0,4.0
2022-06,Ertiga,MPV,Petrol/CNG,Manual/AT,9.89,5189.0,513.19,20.2,4.5,15227.0,5.0
2022-06,Fronx,SUV,Petrol/CNG,Manual/AMT/AT,10.25,7103.0,728.06,21.76,4.5,10136.0,4.0
2022-06,S-Presso,Hatchback,Petrol/CNG,Manual/AMT,5.0,8322.0,416.1,25.36,4.0,10520.0,4.0
2022-06,Swift,Hatchback,Petrol,Manual/AMT,8.18,9102.0,744.54,23.36,4.2,10280.0,3.0
2022-06,WagonR,Hatchback,Petrol/CNG,Manual/AMT,5.94,8376.0,497.53,23.54,3.9,10763.0,3.0
2022-06,XL6,MPV,Petrol/CNG,Manual/AT,11.98,4651.0,557.19,20.82,3.4,9575.0,5.0
2022-07,Alto K10,Hatchback,Petrol,Manual,4.51,7699.0,347.22,24.01,4.1,9603.0,3.0
2022-07,Baleno,Hatchback,Petrol,Manual/AMT,8.02,9081.0,728.3,22.86,4.6,10205.0,5.0
2022-07,Brezza,SUV,Petrol/CNG,Manual/AT,10.43,6127.0,639.05,20.34,3.5,10883.0,5.0
2022-07,Celerio,Hatchback,Petrol/CNG,Manual/AMT,6.46,8909.0,575.52,26.09,4.0,9856.0,3.0
2022-07,Ciaz,Sedan,Petrol,Manual,10.07,4192.0,422.13,20.58,3.9,13724.0,5.0
2022-07,Dzire,Sedan,Petrol,Manual/AMT,8.19,4451.0,364.54,23.62,5.0,11252.0,4.0
2022-07,Eeco,MPV,Petrol/CNG,Manual,5.86,5328.0,312.22,19.96,3.6,13451.0,4.0
2022-07,Ertiga,MPV,Petrol/CNG,Manual/AT,10.43,4802.0,500.85,20.28,4.0,9680.0,5.0
2022-07,Fronx,SUV,Petrol/CNG,Manual/AMT/AT,9.76,6561.0,640.35,22.69,5.0,10246.0,4.0
2022-07,Grand Vitara,SUV,Petrol/Strong Hybrid,Manual/AT,11.06,7709.0,852.62,20.35,3.7,11690.0,5.0
2022-07,S-Presso,Hatchback,Petrol/CNG,Manual/AMT,4.86,8264.0,401.63,24.86,4.7,10560.0,4.0
2022-07,Swift,Hatchback,Petrol,Manual/AMT,7.99,9591.0,766.32,23.49,4.2,8360.0,3.0
2022-07,WagonR,Hatchback,Petrol/CNG,Manual/AMT,5.94,8806.0,523.08,23.1,4.6,9465.0,3.0
2022-07,XL6,MPV,Petrol/CNG,Manual/AT,12.23,5068.0,619.82,21.6,4.0,8026.0,5.0
2022-08,Alto K10,Hatchback,Petrol,Manual,4.81,7790.0,374.7,23.8,3.9,6245.0,3.0
2022-08,Baleno,Hatchback,Petrol,Manual/AMT,7.04,8203.0,577.49,23.31,5.0,8436.0,5.0
2022-08,Dzire,Sedan,Petrol,Manual/AMT,7.99,3862.0,308.57,23.78,5.0,10173.0,4.0
2022-08,Eeco,MPV,Petrol/CNG,Manual,5.82,5091.0,296.3,19.54,4.4,9983.0,4.0
2022-08,Fronx,SUV,Petrol/CNG,Manual/AMT/AT,10.01,6953.0,696.0,21.69,4.4,11414.0,4.0
2022-08,Grand Vitara,SUV,Petrol/Strong Hybrid,Manual/AT,12.7,6211.0,788.8,21.62,4.7,13321.0,5.0
2022-08,S-Presso,Hatchback,Petrol/CNG,Manual/AMT,4.86,8471.0,411.69,24.12,4.2,13310.0,4.0
2022-08,Swift,Hatchback,Petrol,Manual/AMT,7.79,8848.0,689.26,23.22,4.1,11136.0,3.0
2022-08,WagonR,Hatchback,Petrol/CNG,Manual/AMT,6.03,7470.0,450.44,24.24,4.7,9249.0,3.0
2022-08,XL6,MPV,Petrol/CNG,Manual/AT,13.25,5229.0,692.84,20.84,4.0,11843.0,5.0
2022-09,Alto K10,Hatchback,Petrol,Manual,4.61,7999.0,368.75,23.99,3.7,11126.0,3.0
2022-09,Baleno,Hatchback,Petrol,Manual/AMT,7.7,7316.0,563.33,23.22,4.6,8048.0,5.0
2022-09,Brezza,SUV,Petrol/CNG,Manual/AT,11.24,6686.0,751.51,20.75,3.9,11043.0,5.0
2022-09,Celerio,Hatchback,Petrol/CNG,Manual/AMT,6.12,9141.0,559.43,26.89,4.5,10854.0,3.0
2022-09,Dzire,Sedan,Petrol,Manual/AMT,7.89,4385.0,345.98,22.94,4.4,11795.0,4.0
2022-09,Eeco,MPV,Petrol/CNG,Manual,5.84,5838.0,340.94,20.32,3.6,13051.0,4.0
2022-09,Ertiga,MPV,Petrol/CNG,Manual/AT,10.16,4411.0,448.16,21.04,4.8,12113.0,5.0
2022-09,Fronx,SUV,Petrol/CNG,Manual/AMT/AT,8.81,4762.0,419.53,21.52,4.5,8807.0,4.0
2022-09,S-Presso,Hatchback,Petrol/CNG,Manual/AMT,4.34,8185.0,355.23,25.54,3.9,11761.0,4.0
2022-09,Swift,Hatchback,Petrol,Manual/AMT,7.97,7779.0,619.99,23.63,4.2,11141.0,3.0
2022-09,WagonR,Hatchback,Petrol/CNG,Manual/AMT,6.28,7205.0,452.47,24.21,4.1,8420.0,3.0
2022-09,XL6,MPV,Petrol/CNG,Manual/AT,12.3,4733.0,582.16,20.56,4.5,13330.0,5.0
2022-10,Baleno,Hatchback,Petrol,Manual/AMT,8.08,9929.0,802.26,23.11,4.4,10420.0,5.0
2022-10,Brezza,SUV,Petrol/CNG,Manual/AT,10.65,7031.0,748.8,19.24,5.0,9059.0,5.0
2022-10,Celerio,Hatchback,Petrol/CNG,Manual/AMT,6.25,9167.0,572.94,27.06,4.4,12262.0,3.0
2022-10,Ciaz,Sedan,Petrol,Manual,9.13,4042.0,369.03,20.56,4.4,7329.0,5.0
2022-10,Eeco,MPV,Petrol/CNG,Manual,6.1,5201.0,317.26,19.91,4.3,14432.0,4.0
2022-10,Ertiga,MPV,Petrol/CNG,Manual/AT,11.18,4173.0,466.54,20.6,4.5,11047.0,5.0
2022-10,Fronx,SUV,Petrol/CNG,Manual/AMT/AT,10.28,5446.0,559.85,21.17,4.2,10436.0,4.0
2022-10,Grand Vitara,SUV,Petrol/Strong Hybrid,Manual/AT,13.79,6651.0,917.17,20.6,3.8,11807.0,5.0
2022-10,WagonR,Hatchback,Petrol/CNG,Manual/AMT,5.61,9444.0,529.81,23.66,4.5,12038.0,3.0
2022-11,Alto K10,Hatchback,Petrol,Manual,4.64,7927.0,367.81,24.18,3.8,4985.0,3.0
2022-11,Baleno,Hatchback,Petrol,Manual/AMT,7.78,7887.0,613.61,22.4,4.3,8808.0,5.0
2022-11,Brezza,SUV,Petrol/CNG,Manual/AT,9.93,6892.0,684.38,19.73,4.0,9742.0,5.0
2022-11,Celerio,Hatchback,Petrol/CNG,Manual/AMT,5.85,8639.0,505.38,26.46,4.5,7762.0,3.0
2022-11,Ciaz,Sedan,Petrol,Manual,9.45,4138.0,391.04,20.15,4.0,12280.0,5.0
2022-11,Dzire,Sedan,Petrol,Manual/AMT,8.07,3983.0,321.43,23.32,5.0,9041.0,4.0
2022-11,Eeco,MPV,Petrol/CNG,Manual,6.07,5810.0,352.67,19.74,4.4,6669.0,4.0
2022-11,Ertiga,MPV,Petrol/CNG,Manual/AT,9.23,4712.0,434.92,19.59,4.7,13901.0,5.0
2022-11,Fronx,SUV,Petrol/CNG,Manual/AMT/AT,9.23,6293.0,580.84,21.36,4.7,11477.0,4.0
2022-11,S-Presso,Hatchback,Petrol/CNG,Manual/AMT,4.57,8274.0,378.12,24.73,4.7,14461.0,4.0
2022-11,Swift,Hatchback,Petrol,Manual/AMT,8.22,8815.0,724.59,23.28,4.0,5710.0,3.0
2022-11,WagonR,Hatchback,Petrol/CNG,Manual/AMT,5.97,7221.0,431.09,23.12,5.0,13085.0,3.0
2022-11,XL6,MPV,Petrol/CNG,Manual/AT,12.09,4925.0,595.43,21.45,3.8,10569.0,5.0
2022-12,Alto K10,Hatchback,Petrol,Manual,4.39,9154.0,401.86,24.15,4.7,10894.0,3.0
2022-12,Baleno,Hatchback,Petrol,Manual/AMT,7.16,9087.0,650.63,23.24,4.7,12875.0,5.0
2022-12,Celerio,Hatchback,Petrol/CNG,Manual/AMT,6.1,9100.0,555.1,27.91,4.0,10442.0,3.0
2022-12,Dzire,Sedan,Petrol,Manual/AMT,7.92,4332.0,343.09,23.7,4.5,9560.0,4.0
2022-12,Eeco,MPV,Petrol/CNG,Manual,5.63,5650.0,318.1,19.79,4.1,13869.0,4.0
2022-12,Ertiga,MPV,Petrol/CNG,Manual/AT,8.83,4923.0,434.7,20.59,3.9,10238.0,5.0
2022-12,Fronx,SUV,Petrol/CNG,Manual/AMT/AT,9.08,7582.0,688.45,21.91,3.9,11885.0,4.0
2022-12,Grand Vitara,SUV,Petrol/Strong Hybrid,Manual/AT,15.04,7111.0,1069.49,21.26,4.6,14196.0,5.0
2022-12,S-Presso,Hatchback,Petrol/CNG,Manual/AMT,5.6,7947.0,445.03,24.99,4.6,12216.0,4.0
2022-12,Swift,Hatchback,Petrol,Manual/AMT,7.41,9511.0,704.77,24.73,4.6,14879.0,3.0
2022-12,WagonR,Hatchback,Petrol/CNG,Manual/AMT,6.39,8800.0,562.32,23.64,4.0,12902.0,3.0
2022-12,XL6,MPV,Petrol/CNG,Manual/AT,11.98,5496.0,658.42,21.26,3.9,15214.0,5.0
2023-01,Baleno,Hatchback,Petrol,Manual/AMT,8.61,9341.0,804.26,23.59,4.8,12059.0,5.0
2023-01,Brezza,SUV,Petrol/CNG,Manual/AT,12.2,7597.0,926.83,20.62,4.9,4940.0,3.0
2023-01,Celerio,Hatchback,Petrol/CNG,Manual/AMT,6.76,9709.0,656.33,26.64,3.6,11458.0,5.0
2023-01,Ciaz,Sedan,Petrol,Manual,9.51,5310.0,504.98,21.05,3.7,9160.0,5.0
2023-01,Dzire,Sedan,Petrol,Manual/AMT,9.2,4579.0,421.27,23.59,4.7,13128.0,3.0
2023-01,Eeco,MPV,Petrol/CNG,Manual,6.65,5339.0,355.04,20.4,4.3,13462.0,5.0
2023-01,Ertiga,MPV,Petrol/CNG,Manual/AT,10.63,4252.0,451.99,20.65,4.9,12608.0,4.0
2023-01,Fronx,SUV,Petrol/CNG,Manual/AMT/AT,8.49,8861.0,752.3,21.85,4.6,14638.0,4.0
2023-01,Grand Vitara,SUV,Petrol/Strong Hybrid,Manual/AT,10.95,6865.0,751.72,21.0,4.9,13960.0,5.0
2023-01,Swift,Hatchback,Petrol,Manual/AMT,7.32,8411.0,615.69,23.03,3.7,7945.0,3.0
2023-01,WagonR,Hatchback,Petrol/CNG,Manual/AMT,7.38,8309.0,613.2,24.09,4.5,17256.0,3.0
2023-01,XL6,MPV,Petrol/CNG,Manual/AT,13.03,6051.0,788.45,21.1,3.9,5022.0,3.0
2023-02,Alto K10,Hatchback,Petrol,Manual,5.35,8792.0,470.37,24.71,3.5,5312.0,3.0
2023-02,Baleno,Hatchback,Petrol,Manual/AMT,8.89,6588.0,585.67,23.03,4.5,4078.0,3.0
2023-02,Brezza,SUV,Petrol/CNG,Manual/AT,8.88,8151.0,723.81,20.97,4.7,11789.0,5.0
2023-02,Celerio,Hatchback,Petrol/CNG,Manual/AMT,6.01,7729.0,464.51,25.92,4.8,15513.0,3.0
2023-02,Ciaz,Sedan,Petrol,Manual,10.99,4936.0,542.47,20.96,4.9,5517.0,3.0
2023-02,Eeco,MPV,Petrol/CNG,Manual,6.27,4170.0,261.46,20.45,4.2,17403.0,4.0
2023-02,Ertiga,MPV,Petrol/CNG,Manual/AT,9.89,4954.0,489.95,20.39,3.6,12925.0,4.0
2023-02,Fronx,SUV,Petrol/CNG,Manual/AMT/AT,11.28,8415.0,949.21,21.82,5.0,8525.0,5.0
2023-02,Grand Vitara,SUV,Petrol/Strong Hybrid,Manual/AT,18.57,7737.0,1436.76,21.49,3.9,16674.0,3.0
2023-02,S-Presso,Hatchback,Petrol/CNG,Manual/AMT,5.54,9950.0,551.23,24.29,4.4,13257.0,3.0
2023-02,Swift,Hatchback,Petrol,Manual/AMT,8.75,9444.0,826.35,23.89,3.9,10839.0,3.0
2023-02,WagonR,Hatchback,Petrol/CNG,Manual/AMT,6.04,9515.0,574.71,22.68,3.8,11550.0,5.0
2023-02,XL6,MPV,Petrol/CNG,Manual/AT,12.08,5303.0,640.6,20.76,4.0,6011.0,5.0
2023-03,Baleno,Hatchback,Petrol,Manual/AMT,9.16,9389.0,860.03,23.33,4.5,10504.0,5.0
2023-03,Brezza,SUV,Petrol/CNG,Manual/AT,13.89,6079.0,844.37,20.33,4.1,16231.0,4.0
2023-03,Celerio,Hatchback,Petrol/CNG,Manual/AMT,6.12,8330.0,509.8,27.11,4.2,6142.0,3.0
2023-03,Ciaz,Sedan,Petrol,Manual,10.48,4491.0,470.66,20.2,4.0,12541.0,5.0
2023-03,Eeco,MPV,Petrol/CNG,Manual,6.1,6220.0,379.42,20.23,3.9,8046.0,3.0
2023-03,Ertiga,MPV,Petrol/CNG,Manual/AT,10.94,4183.0,457.62,20.22,3.5,15881.0,5.0
2023-03,Fronx,SUV,Petrol/CNG,Manual/AMT/AT,9.26,9472.0,877.11,22.67,4.4,15149.0,5.0
2023-03,Grand Vitara,SUV,Petrol/Strong Hybrid,Manual/AT,18.38,6363.0,1169.52,20.82,4.7,16385.0,3.0
2023-03,S-Presso,Hatchback,Petrol/CNG,Manual/AMT,5.05,9279.0,468.59,24.97,4.9,15573.0,3.0
2023-03,Swift,Hatchback,Petrol,Manual/AMT,6.78,9007.0,610.67,23.64,3.5,14796.0,5.0
2023-03,WagonR,Hatchback,Petrol/CNG,Manual/AMT,6.84,9486.0,648.84,23.37,4.5,9228.0,5.0
2023-03,XL6,MPV,Petrol/CNG,Manual/AT,12.55,4561.0,572.41,20.75,4.1,14649.0,5.0
2023-04,Alto K10,Hatchback,Petrol,Manual,4.82,8648.0,416.83,24.27,4.6,6235.0,4.0
2023-04,Baleno,Hatchback,Petrol,Manual/AMT,7.42,7144.0,530.08,22.28,4.7,13346.0,5.0
2023-04,Brezza,SUV,Petrol/CNG,Manual/AT,13.37,7220.0,965.31,20.98,4.4,8923.0,5.0
2023-04,Celerio,Hatchback,Petrol/CNG,Manual/AMT,6.63,9321.0,617.98,26.06,4.7,11534.0,4.0
2023-04,Ciaz,Sedan,Petrol,Manual,9.44,4553.0,429.8,20.31,4.0,9716.0,3.0
2023-04,Dzire,Sedan,Petrol,Manual/AMT,9.35,3133.0,292.94,23.18,3.9,12726.0,4.0
2023-04,Eeco,MPV,Petrol/CNG,Manual,6.28,6689.0,420.07,19.63,4.3,17083.0,5.0
2023-04,Fronx,SUV,Petrol/CNG,Manual/AMT/AT,7.82,6701.0,524.02,22.28,4.2,4796.0,4.0
2023-04,Grand Vitara,SUV,Petrol/Strong Hybrid,Manual/AT,14.41,6669.0,961.0,19.96,4.1,5142.0,3.0
2023-04,S-Presso,Hatchback,Petrol/CNG,Manual/AMT,4.37,10278.0,449.15,24.9,4.7,16897.0,4.0
2023-04,Swift,Hatchback,Petrol,Manual/AMT,9.58,6876.0,658.72,23.55,4.6,11853.0,3.0
2023-04,WagonR,Hatchback,Petrol/CNG,Manual/AMT,6.39,7984.0,510.18,23.87,3.5,11755.0,5.0
2023-04,XL6,MPV,Petrol/CNG,Manual/AT,13.27,5355.0,710.61,20.76,3.9,7471.0,3.0
2023-05,Alto K10,Hatchback,Petrol,Manual,4.62,11368.0,525.2,24.77,4.0,5298.0,3.0
2023-05,Baleno,Hatchback,Petrol,Manual/AMT,8.56,9782.0,837.34,23.09,4.4,14070.0,5.0
2023-05,Brezza,SUV,Petrol/CNG,Manual/AT,11.28,6030.0,680.18,19.47,4.8,8902.0,5.0
2023-05,Celerio,Hatchback,Petrol/CNG,Manual/AMT,6.17,9259.0,571.28,26.87,4.0,7437.0,3.0
2023-05,Dzire,Sedan,Petrol,Manual/AMT,8.51,4911.0,417.93,23.4,4.8,9320.0,4.0
2023-05,Eeco,MPV,Petrol/CNG,Manual,5.71,3879.0,221.49,19.13,4.1,17722.0,4.0
2023-05,Fronx,SUV,Petrol/CNG,Manual/AMT/AT,7.93,7774.0,616.48,22.47,4.4,11099.0,4.0
2023-05,Grand Vitara,SUV,Petrol/Strong Hybrid,Manual/AT,10.72,5181.0,555.4,21.79,4.5,15079.0,3.0
2023-05,S-Presso,Hatchback,Petrol/CNG,Manual/AMT,4.49,8827.0,396.33,25.55,4.9,11007.0,4.0
2023-05,Swift,Hatchback,Petrol,Manual/AMT,6.73,8485.0,571.04,23.36,4.3,15684.0,5.0
2023-05,XL6,MPV,Petrol/CNG,Manual/AT,11.76,5260.0,618.58,22.01,4.1,17478.0,3.0
2023-06,Alto K10,Hatchback,Petrol,Manual,4.65,8295.0,385.72,24.66,3.6,10432.0,3.0
2023-06,Baleno,Hatchback,Petrol,Manual/AMT,8.01,9375.0,750.94,23.11,3.7,16061.0,4.0
2023-06,Brezza,SUV,Petrol/CNG,Manual/AT,10.47,6280.0,657.52,18.83,4.7,15832.0,5.0
2023-06,Celerio,Hatchback,Petrol/CNG,Manual/AMT,5.85,7674.0,448.93,26.76,4.4,13355.0,4.0
2023-06,Ciaz,Sedan,Petrol,Manual,9.63,4397.0,423.43,20.24,4.6,17244.0,4.0
2023-06,Dzire,Sedan,Petrol,Manual/AMT,8.44,4064.0,343.0,23.16,4.3,12644.0,3.0
2023-06,Eeco,MPV,Petrol/CNG,Manual,6.65,6346.0,422.01,20.35,3.9,13998.0,4.0
2023-06,Ertiga,MPV,Petrol/CNG,Manual/AT,12.03,4120.0,495.64,20.56,4.1,13094.0,3.0
2023-06,Fronx,SUV,Petrol/CNG,Manual/AMT/AT,10.72,5842.0,626.26,22.13,3.6,16727.0,5.0
2023-06,Grand Vitara,SUV,Petrol/Strong Hybrid,Manual/AT,10.82,8973.0,970.88,20.99,4.7,14624.0,4.0
2023-06,S-Presso,Hatchback,Petrol/CNG,Manual/AMT,5.07,10298.0,522.11,24.7,4.6,12452.0,3.0
2023-06,WagonR,Hatchback,Petrol/CNG,Manual/AMT,5.67,7741.0,438.91,23.41,3.8,5852.0,5.0
2023-06,XL6,MPV,Petrol/CNG,Manual/AT,14.01,5784.0,810.34,20.81,3.8,6231.0,5.0
2023-07,Alto K10,Hatchback,Petrol,Manual,5.78,8304.0,479.97,24.16,4.7,12659.0,4.0
2023-07,Baleno,Hatchback,Petrol,Manual/AMT,7.46,7979.0,595.23,23.06,4.6,11298.0,5.0
2023-07,Celerio,Hatchback,Petrol/CNG,Manual/AMT,5.42,9087.0,492.52,26.11,3.8,15170.0,4.0
2023-07,Ciaz,Sedan,Petrol,Manual,10.78,4275.0,460.85,20.86,4.5,15672.0,5.0
2023-07,Dzire,Sedan,Petrol,Manual/AMT,8.46,4154.0,351.43,22.97,4.6,10076.0,3.0
2023-07,Eeco,MPV,Petrol/CNG,Manual,6.61,4949.0,327.13,20.16,3.8,15591.0,4.0
2023-07,Fronx,SUV,Petrol/CNG,Manual/AMT/AT,11.11,8270.0,918.8,20.91,3.7,4866.0,3.0
2023-07,S-Presso,Hatchback,Petrol/CNG,Manual/AMT,4.43,8498.0,376.46,25.06,4.4,17311.0,5.0
2023-07,Swift,Hatchback,Petrol,Manual/AMT,9.32,11829.0,1102.46,23.85,3.7,14922.0,4.0
2023-07,WagonR,Hatchback,Petrol/CNG,Manual/AMT,6.62,9496.0,628.64,24.05,4.1,5321.0,5.0
2023-07,XL6,MPV,Petrol/CNG,Manual/AT,12.99,6081.0,789.92,20.77,3.6,9505.0,4.0
2023-08,Baleno,Hatchback,Petrol,Manual/AMT,7.39,9439.0,697.54,22.58,3.9,8702.0,5.0
2023-08,Brezza,SUV,Petrol/CNG,Manual/AT,9.89,7180.0,710.1,20.06,4.0,8758.0,3.0
2023-08,Celerio,Hatchback,Petrol/CNG,Manual/AMT,5.85,9536.0,557.86,26.96,4.3,11233.0,3.0
2023-08,Dzire,Sedan,Petrol,Manual/AMT,8.8,5094.0,448.27,23.44,3.7,8193.0,3.0
2023-08,Eeco,MPV,Petrol/CNG,Manual,6.62,3987.0,263.94,21.24,4.4,12216.0,3.0
2023-08,Ertiga,MPV,Petrol/CNG,Manual/AT,9.84,3497.0,344.1,20.78,5.0,7998.0,4.0
2023-08,Fronx,SUV,Petrol/CNG,Manual/AMT/AT,11.99,5580.0,669.04,20.77,3.6,13046.0,3.0
2023-08,Grand Vitara,SUV,Petrol/Strong Hybrid,Manual/AT,19.42,7373.0,1431.84,22.65,4.7,7327.0,3.0
2023-08,S-Presso,Hatchback,Petrol/CNG,Manual/AMT,5.79,8020.0,464.36,26.18,3.8,11265.0,4.0
2023-08,Swift,Hatchback,Petrol,Manual/AMT,9.56,9386.0,897.3,23.72,3.9,6275.0,3.0
2023-08,WagonR,Hatchback,Petrol/CNG,Manual/AMT,6.35,8281.0,525.84,23.47,4.6,13427.0,5.0
2023-08,XL6,MPV,Petrol/CNG,Manual/AT,14.46,3165.0,457.66,20.47,3.6,10929.0,5.0
2023-09,Alto K10,Hatchback,Petrol,Manual,5.8,6412.0,371.9,24.11,4.1,10348.0,4.0
2023-09,Baleno,Hatchback,Petrol,Manual/AMT,6.87,11798.0,810.52,23.18,3.7,6995.0,4.0
2023-09,Brezza,SUV,Petrol/CNG,Manual/AT,9.39,9251.0,868.67,20.37,3.6,14374.0,3.0
2023-09,Celerio,Hatchback,Petrol/CNG,Manual/AMT,5.52,10624.0,586.44,27.21,4.6,13669.0,5.0
2023-09,Ciaz,Sedan,Petrol,Manual,10.41,4670.0,486.15,20.77,5.0,9143.0,5.0
2023-09,Dzire,Sedan,Petrol,Manual/AMT,6.91,4014.0,277.37,23.71,4.1,6038.0,5.0
2023-09,Eeco,MPV,Petrol/CNG,Manual,5.4,5116.0,276.26,20.07,3.8,5403.0,4.0
2023-09,Ertiga,MPV,Petrol/CNG,Manual/AT,9.57,4403.0,421.37,20.8,3.8,13987.0,3.0
2023-09,Fronx,SUV,Petrol/CNG,Manual/AMT/AT,8.88,6676.0,592.83,22.15,4.3,6222.0,4.0
2023-09,Grand Vitara,SUV,Petrol/Strong Hybrid,Manual/AT,10.91,8343.0,910.22,21.05,4.2,5552.0,4.0
2023-09,WagonR,Hatchback,Petrol/CNG,Manual/AMT,5.73,7340.0,420.58,22.96,4.8,7481.0,3.0
2023-10,Alto K10,Hatchback,Petrol,Manual,4.29,7480.0,320.89,24.55,4.6,13570.0,3.0
2023-10,Baleno,Hatchback,Petrol,Manual/AMT,7.94,7213.0,572.71,23.27,3.8,9882.0,5.0
2023-10,Brezza,SUV,Petrol/CNG,Manual/AT,8.87,6307.0,559.43,19.44,4.2,6204.0,4.0
2023-10,Ciaz,Sedan,Petrol,Manual,10.19,4145.0,422.38,20.41,3.7,15872.0,4.0
2023-10,Eeco,MPV,Petrol/CNG,Manual,6.32,5653.0,357.27,20.26,3.5,11705.0,3.0
2023-10,Fronx,SUV,Petrol/CNG,Manual/AMT/AT,12.59,8802.0,1108.17,21.83,4.5,4733.0,5.0
2023-10,S-Presso,Hatchback,Petrol/CNG,Manual/AMT,5.13,10376.0,532.29,26.36,3.7,6252.0,4.0
2023-10,Swift,Hatchback,Petrol,Manual/AMT,9.21,8960.0,825.22,23.79,4.7,5513.0,3.0
2023-10,WagonR,Hatchback,Petrol/CNG,Manual/AMT,6.55,10218.0,669.28,24.24,4.2,16243.0,3.0
2023-10,XL6,MPV,Petrol/CNG,Manual/AT,14.21,5016.0,712.77,21.81,4.0,9608.0,5.0
2023-11,Alto K10,Hatchback,Petrol,Manual,5.11,7637.0,390.25,23.68,3.7,9312.0,5.0
2023-11,Brezza,SUV,Petrol/CNG,Manual/AT,12.53,7590.0,951.03,19.23,3.6,4737.0,3.0
2023-11,Celerio,Hatchback,Petrol/CNG,Manual/AMT,6.56,9772.0,641.04,26.94,4.2,11433.0,4.0
2023-11,Ciaz,Sedan,Petrol,Manual,9.51,4662.0,443.36,19.93,5.0,4708.0,4.0
2023-11,Dzire,Sedan,Petrol,Manual/AMT,8.43,4940.0,416.44,22.85,3.7,10456.0,4.0
2023-11,Eeco,MPV,Petrol/CNG,Manual,5.89,5201.0,306.34,19.62,4.2,6792.0,4.0
2023-11,Fronx,SUV,Petrol/CNG,Manual/AMT/AT,11.09,8954.0,993.0,21.1,4.5,7978.0,5.0
2023-11,Grand Vitara,SUV,Petrol/Strong Hybrid,Manual/AT,10.46,5072.0,530.53,21.21,3.8,13355.0,5.0
2023-11,S-Presso,Hatchback,Petrol/CNG,Manual/AMT,5.55,10548.0,585.41,24.54,4.7,11701.0,4.0
2023-11,Swift,Hatchback,Petrol,Manual/AMT,9.19,12694.0,1166.58,23.66,4.2,8273.0,3.0
2023-11,WagonR,Hatchback,Petrol/CNG,Manual/AMT,6.37,8891.0,566.36,24.06,3.6,17990.0,3.0
2023-11,XL6,MPV,Petrol/CNG,Manual/AT,13.27,5294.0,702.51,20.86,4.1,10305.0,5.0
2023-12,Alto K10,Hatchback,Petrol,Manual,5.26,11198.0,589.01,24.28,4.7,4783.0,3.0
2023-12,Baleno,Hatchback,Petrol,Manual/AMT,7.59,10180.0,772.66,23.52,4.8,11535.0,5.0
2023-12,Celerio,Hatchback,Petrol/CNG,Manual/AMT,7.08,9772.0,691.86,28.61,4.2,8293.0,3.0
2023-12,Ciaz,Sedan,Petrol,Manual,9.9,3514.0,347.89,20.29,3.6,14712.0,3.0
2023-12,Dzire,Sedan,Petrol,Manual/AMT,8.0,4107.0,328.56,23.63,4.2,8027.0,5.0
2023-12,Eeco,MPV,Petrol/CNG,Manual,5.77,5424.0,312.96,20.96,3.6,12038.0,5.0
2023-12,Ertiga,MPV,Petrol/CNG,Manual/AT,9.45,5233.0,494.52,20.06,5.0,15089.0,3.0
2023-12,Fronx,SUV,Petrol/CNG,Manual/AMT/AT,12.22,4955.0,605.5,21.76,3.7,5141.0,5.0
2023-12,Grand Vitara,SUV,Petrol/Strong Hybrid,Manual/AT,19.75,6092.0,1203.17,20.4,4.3,17837.0,5.0
2023-12,S-Presso,Hatchback,Petrol/CNG,Manual/AMT,4.42,8273.0,365.67,25.93,4.7,16109.0,3.0
2023-12,Swift,Hatchback,Petrol,Manual/AMT,7.19,9452.0,679.6,23.74,3.9,4972.0,4.0
2023-12,WagonR,Hatchback,Petrol/CNG,Manual/AMT,7.36,9542.0,702.29,23.24,3.7,10799.0,3.0
2023-12,XL6,MPV,Petrol/CNG,Manual/AT,12.44,5746.0,714.8,19.86,3.7,17651.0,4.0
2024-01,Alto K10,Hatchback,Petrol,Manual,5.47,9101.0,497.82,23.68,4.9,11941.0,5.0
2024-01,Baleno,Hatchback,Petrol,Manual/AMT,8.4,7768.0,652.51,23.42,3.8,10102.0,3.0
2024-01,Brezza,SUV,Petrol/CNG,Manual/AT,10.9,8415.0,917.24,19.66,3.7,10019.0,4.0
2024-01,Celerio,Hatchback,Petrol/CNG,Manual/AMT,5.58,9856.0,549.96,27.25,4.3,14671.0,3.0
2024-01,Ciaz,Sedan,Petrol,Manual,10.78,4350.0,468.93,20.81,4.7,15041.0,5.0
2024-01,Dzire,Sedan,Petrol,Manual/AMT,7.21,4927.0,355.24,23.25,4.4,12945.0,4.0
2024-01,Fronx,SUV,Petrol/CNG,Manual/AMT/AT,8.29,7460.0,618.43,21.77,4.5,9487.0,5.0
2024-01,S-Presso,Hatchback,Petrol/CNG,Manual/AMT,5.48,7938.0,435.0,25.52,3.8,9065.0,4.0
2024-01,Swift,Hatchback,Petrol,Manual/AMT,7.6,7246.0,550.7,24.33,4.8,8636.0,3.0
2024-01,WagonR,Hatchback,Petrol/CNG,Manual/AMT,7.17,9542.0,684.16,24.33,3.5,9466.0,4.0
2024-01,XL6,MPV,Petrol/CNG,Manual/AT,12.71,5212.0,662.45,21.36,4.0,6020.0,5.0
2024-02,Alto K10,Hatchback,Petrol,Manual,4.57,8183.0,373.96,24.45,4.9,10424.0,4.0
2024-02,Baleno,Hatchback,Petrol,Manual/AMT,7.88,9619.0,757.98,23.35,4.6,15767.0,3.0
2024-02,Brezza,SUV,Petrol/CNG,Manual/AT,12.27,4944.0,606.63,20.57,4.0,7087.0,5.0
2024-02,Celerio,Hatchback,Petrol/CNG,Manual/AMT,5.7,10431.0,594.57,27.01,4.4,14643.0,5.0
2024-02,Ciaz,Sedan,Petrol,Manual,9.29,5532.0,513.92,21.08,3.7,7509.0,3.0
2024-02,Dzire,Sedan,Petrol,Manual/AMT,8.61,4582.0,394.51,23.9,5.0,15947.0,3.0
2024-02,Eeco,MPV,Petrol/CNG,Manual,6.55,4539.0,297.3,19.53,5.0,9558.0,4.0
2024-02,Ertiga,MPV,Petrol/CNG,Manual/AT,9.26,3504.0,324.47,20.48,4.1,14037.0,4.0
2024-02,Fronx,SUV,Petrol/CNG,Manual/AMT/AT,11.43,4519.0,516.52,21.75,4.5,8599.0,3.0
2024-02,S-Presso,Hatchback,Petrol/CNG,Manual/AMT,5.42,10161.0,550.73,24.84,4.3,16987.0,4.0
2024-02,Swift,Hatchback,Petrol,Manual/AMT,6.85,10127.0,693.7,24.16,4.9,7717.0,3.0
2024-02,WagonR,Hatchback,Petrol/CNG,Manual/AMT,6.08,8946.0,543.92,24.34,4.7,13266.0,4.0
2024-03,Alto K10,Hatchback,Petrol,Manual,4.25,7273.0,309.1,24.58,4.6,9998.0,5.0
2024-03,Baleno,Hatchback,Petrol,Manual/AMT,9.82,11845.0,1163.18,22.82,4.4,13282.0,3.0
2024-03,Brezza,SUV,Petrol/CNG,Manual/AT,8.66,6862.0,594.25,20.51,4.7,14698.0,4.0
2024-03,Celerio,Hatchback,Petrol/CNG,Manual/AMT,5.86,8527.0,499.68,27.06,3.8,6512.0,3.0
2024-03,Ciaz,Sedan,Petrol,Manual,9.56,4388.0,419.49,20.64,4.0,15038.0,5.0
2024-03,Dzire,Sedan,Petrol,Manual/AMT,7.42,4085.0,303.11,23.53,5.0,8133.0,5.0
2024-03,Eeco,MPV,Petrol/CNG,Manual,5.59,4886.0,273.13,20.05,3.9,4525.0,4.0
2024-03,Ertiga,MPV,Petrol/CNG,Manual/AT,10.99,3910.0,429.71,20.18,3.6,17613.0,5.0
2024-03,Fronx,SUV,Petrol/CNG,Manual/AMT/AT,11.22,5434.0,609.69,22.12,4.5,11370.0,5.0
2024-03,Grand Vitara,SUV,Petrol/Strong Hybrid,Manual/AT,11.44,8057.0,921.72,21.11,3.7,8932.0,4.0
2024-03,Swift,Hatchback,Petrol,Manual/AMT,8.37,7635.0,639.05,24.46,4.2,17779.0,3.0
2024-03,WagonR,Hatchback,Petrol/CNG,Manual/AMT,5.83,5070.0,295.58,23.97,4.4,11591.0,5.0
2024-03,XL6,MPV,Petrol/CNG,Manual/AT,13.98,5304.0,741.5,20.76,4.8,5957.0,5.0
2024-04,Alto K10,Hatchback,Petrol,Manual,4.72,8099.0,382.27,24.24,4.3,5273.0,3.0
2024-04,Baleno,Hatchback,Petrol,Manual/AMT,8.71,7869.0,685.39,22.5,3.6,9307.0,3.0
2024-04,Ciaz,Sedan,Petrol,Manual,10.11,3798.0,383.98,20.64,4.6,11365.0,5.0
2024-04,Eeco,MPV,Petrol/CNG,Manual,6.11,5984.0,365.62,19.17,3.9,17847.0,5.0
2024-04,Ertiga,MPV,Petrol/CNG,Manual/AT,9.01,5042.0,454.28,20.08,3.7,15607.0,5.0
2024-04,Grand Vitara,SUV,Petrol/Strong Hybrid,Manual/AT,18.21,8775.0,1597.93,21.15,4.2,13735.0,5.0
2024-04,Swift,Hatchback,Petrol,Manual/AMT,7.7,6897.0,531.07,24.05,4.6,4024.0,5.0
2024-04,WagonR,Hatchback,Petrol/CNG,Manual/AMT,6.13,9130.0,559.67,23.41,4.9,11436.0,3.0
2024-04,XL6,MPV,Petrol/CNG,Manual/AT,12.55,5569.0,698.91,22.11,4.8,12312.0,5.0
2024-05,Alto K10,Hatchback,Petrol,Manual,5.57,8097.0,451.0,25.32,4.5,12350.0,4.0
2024-05,Baleno,Hatchback,Petrol,Manual/AMT,8.1,7776.0,629.86,22.9,3.9,17317.0,4.0
2024-05,Brezza,SUV,Petrol/CNG,Manual/AT,9.67,6280.0,607.28,19.89,4.0,9559.0,5.0
2024-05,Celerio,Hatchback,Petrol/CNG,Manual/AMT,6.57,8271.0,543.4,26.72,4.2,16218.0,5.0
2024-05,Ciaz,Sedan,Petrol,Manual,9.44,4297.0,405.64,20.81,4.4,10328.0,3.0
2024-05,Dzire,Sedan,Petrol,Manual/AMT,8.76,4347.0,380.8,23.81,4.7,7222.0,4.0
2024-05,Eeco,MPV,Petrol/CNG,Manual,6.05,6376.0,385.75,19.94,4.3,7820.0,3.0
2024-05,Ertiga,MPV,Petrol/CNG,Manual/AT,11.49,4653.0,534.63,21.01,4.1,16750.0,3.0
2024-05,Fronx,SUV,Petrol/CNG,Manual/AMT/AT,9.4,6383.0,600.0,21.26,5.0,6169.0,4.0
2024-05,S-Presso,Hatchback,Petrol/CNG,Manual/AMT,6.11,7128.0,435.52,26.12,3.7,15650.0,4.0
2024-05,Swift,Hatchback,Petrol,Manual/AMT,8.65,12285.0,1062.65,23.26,3.8,10038.0,5.0
2024-05,WagonR,Hatchback,Petrol/CNG,Manual/AMT,7.35,9137.0,671.57,22.57,4.4,13453.0,3.0
2024-05,XL6,MPV,Petrol/CNG,Manual/AT,14.05,5163.0,725.4,21.09,3.9,15420.0,4.0
2024-06,Alto K10,Hatchback,Petrol,Manual,4.69,8979.0,421.12,23.86,5.0,16051.0,3.0
2024-06,Celerio,Hatchback,Petrol/CNG,Manual/AMT,5.86,12471.0,730.8,25.75,4.9,7535.0,4.0
2024-06,Dzire,Sedan,Petrol,Manual/AMT,7.37,5077.0,374.17,23.67,4.6,14745.0,5.0
2024-06,Eeco,MPV,Petrol/CNG,Manual,5.79,4615.0,267.21,19.51,4.6,4197.0,4.0
2024-06,Ertiga,MPV,Petrol/CNG,Manual/AT,12.33,4480.0,552.38,20.93,3.7,17086.0,3.0
2024-06,Fronx,SUV,Petrol/CNG,Manual/AMT/AT,12.18,6924.0,843.34,22.27,4.8,16372.0,3.0
2024-06,S-Presso,Hatchback,Petrol/CNG,Manual/AMT,5.99,6854.0,410.55,25.08,4.1,10755.0,4.0
2024-06,Swift,Hatchback,Petrol,Manual/AMT,9.39,8150.0,765.28,23.81,3.7,16601.0,5.0
2024-06,WagonR,Hatchback,Petrol/CNG,Manual/AMT,6.3,8670.0,546.21,23.74,4.4,4556.0,3.0
2024-06,XL6,MPV,Petrol/CNG,Manual/AT,12.59,4586.0,577.38,20.55,4.0,16583.0,5.0
2024-07,Alto K10,Hatchback,Petrol,Manual,5.24,10233.0,536.21,23.78,4.6,14760.0,4.0
2024-07,Baleno,Hatchback,Petrol,Manual/AMT,7.34,10240.0,751.62,22.95,3.6,4434.0,3.0
2024-07,Brezza,SUV,Petrol/CNG,Manual/AT,10.69,6459.0,690.47,20.2,4.1,17527.0,3.0
2024-07,Celerio,Hatchback,Petrol/CNG,Manual/AMT,5.57,10029.0,558.62,25.87,4.4,13610.0,3.0
2024-07,Dzire,Sedan,Petrol,Manual/AMT,9.0,5413.0,487.17,23.27,4.5,8325.0,4.0
2024-07,Eeco,MPV,Petrol/CNG,Manual,6.42,3510.0,225.34,20.43,3.8,15986.0,4.0
2024-07,Ertiga,MPV,Petrol/CNG,Manual/AT,10.21,3983.0,406.66,20.77,4.8,7508.0,5.0
2024-07,Fronx,SUV,Petrol/CNG,Manual/AMT/AT,11.17,5817.0,649.76,22.04,4.4,6160.0,3.0
2024-07,Grand Vitara,SUV,Petrol/Strong Hybrid,Manual/AT,14.25,6771.0,964.87,20.67,3.6,13057.0,4.0
2024-07,S-Presso,Hatchback,Petrol/CNG,Manual/AMT,4.71,9196.0,433.13,26.02,4.9,11115.0,3.0
2024-07,Swift,Hatchback,Petrol,Manual/AMT,7.46,8244.0,615.0,22.98,3.9,5782.0,4.0
2024-07,WagonR,Hatchback,Petrol/CNG,Manual/AMT,6.33,11216.0,709.97,23.3,4.9,6860.0,5.0
2024-07,XL6,MPV,Petrol/CNG,Manual/AT,13.47,5747.0,774.12,20.54,4.5,17609.0,5.0
2024-08,Alto K10,Hatchback,Petrol,Manual,4.2,9313.0,391.15,23.41,4.9,16262.0,4.0
2024-08,Ciaz,Sedan,Petrol,Manual,10.53,5572.0,586.73,20.6,3.6,12516.0,3.0
2024-08,Dzire,Sedan,Petrol,Manual/AMT,6.88,4977.0,342.42,23.1,4.9,8574.0,4.0
2024-08,Eeco,MPV,Petrol/CNG,Manual,6.47,5065.0,327.71,19.38,4.5,6587.0,3.0
2024-08,Ertiga,MPV,Petrol/CNG,Manual/AT,12.88,6297.0,811.05,19.27,4.4,5308.0,5.0
2024-08,Grand Vitara,SUV,Petrol/Strong Hybrid,Manual/AT,13.86,5340.0,740.12,21.57,4.0,5743.0,4.0
2024-08,S-Presso,Hatchback,Petrol/CNG,Manual/AMT,5.87,6846.0,401.86,25.88,4.1,17079.0,5.0
2024-08,Swift,Hatchback,Petrol,Manual/AMT,8.58,9102.0,780.95,23.23,3.8,11967.0,4.0
2024-08,XL6,MPV,Petrol/CNG,Manual/AT,13.31,5064.0,674.02,20.73,3.8,12806.0,5.0
2024-09,Alto K10,Hatchback,Petrol,Manual,5.78,7007.0,405.0,24.49,3.7,12754.0,5.0
2024-09,Baleno,Hatchback,Petrol,Manual/AMT,9.71,8603.0,835.35,24.3,4.1,12482.0,5.0
2024-09,Brezza,SUV,Petrol/CNG,Manual/AT,9.75,7144.0,696.54,20.15,4.1,8344.0,4.0
2024-09,Celerio,Hatchback,Petrol/CNG,Manual/AMT,6.41,9096.0,583.05,26.14,4.3,10307.0,4.0
2024-09,Dzire,Sedan,Petrol,Manual/AMT,7.25,4726.0,342.63,23.19,5.0,11432.0,4.0
2024-09,Ertiga,MPV,Petrol/CNG,Manual/AT,9.43,4282.0,403.79,20.8,4.5,14089.0,5.0
2024-09,Fronx,SUV,Petrol/CNG,Manual/AMT/AT,9.52,6871.0,654.12,21.27,4.4,14533.0,4.0
2024-09,WagonR,Hatchback,Petrol/CNG,Manual/AMT,5.56,10373.0,576.74,23.72,3.6,11527.0,5.0
2024-09,XL6,MPV,Petrol/CNG,Manual/AT,13.9,5431.0,754.91,21.14,3.9,12016.0,5.0
2024-10,Alto K10,Hatchback,Petrol,Manual,4.92,10107.0,497.26,24.48,3.7,17349.0,5.0
2024-10,Baleno,Hatchback,Petrol,Manual/AMT,8.96,9938.0,890.44,22.51,4.0,12102.0,4.0
2024-10,Brezza,SUV,Petrol/CNG,Manual/AT,9.63,7853.0,756.24,19.33,4.4,11428.0,3.0
2024-10,Celerio,Hatchback,Petrol/CNG,Manual/AMT,5.88,7927.0,466.11,27.02,4.4,4843.0,5.0
2024-10,Ciaz,Sedan,Petrol,Manual,10.63,4219.0,448.48,20.76,3.6,13825.0,5.0
2024-10,Dzire,Sedan,Petrol,Manual/AMT,8.98,4567.0,410.12,23.56,4.2,15291.0,5.0
2024-10,Eeco,MPV,Petrol/CNG,Manual,6.37,6502.0,414.18,19.89,4.6,4160.0,5.0
2024-10,Fronx,SUV,Petrol/CNG,Manual/AMT/AT,8.8,6335.0,557.48,21.19,4.7,16656.0,3.0
2024-10,Grand Vitara,SUV,Petrol/Strong Hybrid,Manual/AT,15.18,7675.0,1165.07,20.78,4.3,15216.0,5.0
2024-10,S-Presso,Hatchback,Petrol/CNG,Manual/AMT,5.17,7527.0,389.15,25.53,4.0,11727.0,5.0
2024-10,Swift,Hatchback,Petrol,Manual/AMT,7.51,7620.0,572.26,24.53,4.3,15112.0,5.0
2024-10,WagonR,Hatchback,Petrol/CNG,Manual/AMT,6.04,8205.0,495.58,23.82,4.8,9173.0,3.0
2024-11,Alto K10,Hatchback,Petrol,Manual,5.68,8826.0,501.32,24.24,3.7,9082.0,4.0
2024-11,Baleno,Hatchback,Petrol,Manual/AMT,8.49,7393.0,627.67,23.18,4.9,6777.0,5.0
2024-11,Brezza,SUV,Petrol/CNG,Manual/AT,13.59,5159.0,701.11,20.53,4.7,15411.0,3.0
2024-11,Celerio,Hatchback,Petrol/CNG,Manual/AMT,5.54,7904.0,437.88,26.79,3.9,5137.0,3.0
2024-11,Ciaz,Sedan,Petrol,Manual,10.94,4508.0,493.18,20.7,3.8,10322.0,3.0
2024-11,Dzire,Sedan,Petrol,Manual/AMT,9.09,3927.0,356.96,24.31,3.6,14558.0,3.0
2024-11,Eeco,MPV,Petrol/CNG,Manual,5.83,3647.0,212.62,19.9,4.2,6236.0,5.0
2024-11,Ertiga,MPV,Petrol/CNG,Manual/AT,8.89,4456.0,396.14,20.55,4.5,14737.0,4.0
2024-11,Fronx,SUV,Petrol/CNG,Manual/AMT/AT,9.54,9357.0,892.66,21.81,4.2,7945.0,4.0
2024-11,Grand Vitara,SUV,Petrol/Strong Hybrid,Manual/AT,14.5,6415.0,930.17,20.81,3.8,8113.0,3.0
2024-11,S-Presso,Hatchback,Petrol/CNG,Manual/AMT,4.96,9298.0,461.18,25.0,5.0,7343.0,4.0
2024-11,WagonR,Hatchback,Petrol/CNG,Manual/AMT,6.36,9145.0,581.62,24.04,5.0,15299.0,5.0
2024-11,XL6,MPV,Petrol/CNG,Manual/AT,13.09,4540.0,594.29,20.84,4.8,14184.0,5.0
2024-12,Alto K10,Hatchback,Petrol,Manual,4.43,6782.0,300.44,24.03,3.6,14247.0,3.0
2024-12,Baleno,Hatchback,Petrol,Manual/AMT,8.87,8664.0,768.5,23.3,4.7,15904.0,5.0
2024-12,Brezza,SUV,Petrol/CNG,Manual/AT,8.94,7398.0,661.38,19.52,3.7,14628.0,3.0
2024-12,Ciaz,Sedan,Petrol,Manual,10.34,3958.0,409.26,20.66,4.6,8376.0,4.0
2024-12,Dzire,Sedan,Petrol,Manual/AMT,9.06,3795.0,343.83,22.65,5.0,15264.0,4.0
2024-12,Eeco,MPV,Petrol/CNG,Manual,6.02,4754.0,286.19,18.67,4.0,5644.0,4.0
2024-12,Fronx,SUV,Petrol/CNG,Manual/AMT/AT,10.29,6160.0,633.86,21.9,3.8,12465.0,4.0
2024-12,Grand Vitara,SUV,Petrol/Strong Hybrid,Manual/AT,11.21,5963.0,668.45,21.13,4.4,9966.0,5.0
2024-12,Swift,Hatchback,Petrol,Manual/AMT,8.61,10220.0,879.94,23.14,3.5,7428.0,4.0
2024-12,XL6,MPV,Petrol/CNG,Manual/AT,12.02,4119.0,495.1,20.75,4.5,11357.0,4.0
